first_name,last_name,passport,email,password
Joseph,Gao,88888888,mglee@outlook.com,durian
Dan,Toma,12341234,scotfl@sbcglobal.net,tall
Coleman,Hope,96296103,mglee@yahoo.ca,preserve
Ricarda,Lilly,29389179,shaffei@mac.com,last
Kyra,Arvilla,41038312,karasik@yahoo.com,wax
Pierre,Willetta,13563500,jrkorson@msn.com,crooked
Stefania,Rochelle,39953202,rupak@aol.com,knot
Dorothea,Mercedez,16096742,nogin@yahoo.ca,treat
Thelma,Magen,41542845,erynf@icloud.com,branch
Kamilah,Lucas,59851204,philen@outlook.com,nail
Aleen,Ailene,76986025,vsprintf@yahoo.com,arrive
Rosie,Angela,16687845,thassine@gmail.com,empty
Dona,Amanda,20051225,tsuruta@yahoo.com,force
Rosenda,Myron,71227961,jrifkin@yahoo.com,boorish
Efrain,Royce,41469977,maradine@hotmail.com,bang
Jermaine,Tawny,87271030,syncnine@verizon.net,accept
Dominic,Erika,58108247,dkeeler@sbcglobal.net,wheel
Glady,Danuta,37807896,rgiersig@me.com,bow
Verda,Shaunta,77178036,jbuchana@me.com,greedy
Justa,Susann,28825315,uncled@yahoo.ca,pets
Shantelle,Kalyn,35152513,howler@yahoo.ca,painful
Veta,Terry,21091128,konit@hotmail.com,chief
Kecia,Altha,77820034,hstiles@att.net,questionable
Nita,Pearl,57286421,granboul@outlook.com,wholesale
Cathern,Cassandra,41333833,rohitm@live.com,scintillating
Gudrun,Ta,53933886,chaffar@live.com,enchanting
Celeste,Claribel,69232623,ribet@hotmail.com,slimy
Fred,Jack,30025582,richard@hotmail.com,comparison
Ruthanne,Deon,11882850,kayvonf@aol.com,unarmed
Zenia,Judy,68501303,naoya@sbcglobal.net,endurable
Kristel,Vella,40771054,peterhoeg@sbcglobal.net,glow
Newton,Bobby,69630314,jbryan@icloud.com,mushy
Mitzie,Eboni,87926798,houle@hotmail.com,kindly
Tynisha,Elsie,61272154,dmbkiwi@gmail.com,lumpy
Jana,Donetta,15843807,froodian@live.com,coach
Charles,Junie,76684967,kalpol@sbcglobal.net,unused
Cherelle,Valery,86197288,tfinniga@att.net,look
Kallie,Romelia,70488958,ebassi@att.net,road
Kymberly,Emely,20861643,elmer@att.net,bead
Jada,Lala,67034878,kewley@comcast.net,energetic
Latoya,Beatrice,47735874,roamer@live.com,staking
Jerrod,Deirdre,66210848,kildjean@optonline.net,grandmother
Twyla,Kristen,83402585,haddawy@msn.com,ugliest
Tawny,Shaun,75762822,atmarks@yahoo.com,opposite
Donya,Margery,93492023,geekoid@msn.com,burn
Brandi,Cordell,34870141,crimsane@mac.com,distribution
Sandie,Ivan,23412698,msherr@sbcglobal.net,somber
Malia,Cleora,30474718,mcast@att.net,need
Conception,Marielle,94246157,yumpy@aol.com,statement
Danna,Ursula,69270722,podmaster@hotmail.com,vast
Ryann,Sabina,72353668,howler@att.net,exultant
Carmine,Lula,64688019,wetter@aol.com,stupendous
Edra,Freeda,85109143,josephw@comcast.net,willing
Robt,Lucinda,82470739,philen@hotmail.com,clap
Billi,Pamelia,77223167,isotopian@yahoo.ca,aspiring
Hortencia,Jonah,21757658,rsteiner@live.com,productive
Caitlyn,Bennie,82436523,kourai@hotmail.com,mist
Christina,Delisa,28356892,seasweb@mac.com,fairies
Houston,Rosalinda,12917850,rkobes@outlook.com,snake
Debbra,Melanie,14952501,barjam@verizon.net,sweltering
Josephina,Floyd,41102731,noodles@att.net,direction
Elvie,Josphine,73032848,roesch@verizon.net,humorous
Rickey,Carolynn,75459985,cgreuter@hotmail.com,value
Tambra,Rosena,57124364,brickbat@comcast.net,uncle
Savannah,Joan,60768551,cyrus@icloud.com,welcome
Jessika,Donette,31155619,jaesenj@verizon.net,orange
Doris,Tonda,11785468,cderoove@aol.com,tangible
Phylis,Pura,70174683,bcevc@yahoo.com,grandfather
Raymonde,Tamela,48913041,damian@yahoo.com,FALSE
Senaida,Nenita,66436488,ranasta@verizon.net,utter
Mikki,Bailey,14785214,aaribaud@icloud.com,behave
Erminia,Wendell,19696303,multiplx@verizon.net,butter
Lizzy,Smith,98579809,weazelman@mac.com,soothe
Thomas,White,97396796,satch@comcast.net,spot
John,Lam,20521970,peoplesr@me.com,circle
Lin,Christopher,81798107,kourai@mac.com,pause
Joan,Doris,56703687,malin@msn.com,crush
Carolynn,Hughes,87174322,raines@gmail.com,join
Brenda,Fores,62836550,skoch@sbcglobal.net,fuzzy
Wanda,Jessica,54075902,vertigo@yahoo.com,rate
Jackson,Simpsons,59982285,milton@optonline.net,riddle
Sammy,Lashawn,95586100,aprakash@yahoo.com,reminiscent
Tony,Hester,24862803,eidac@me.com,table
Galina,Jackelyn,39436656,akoblin@optonline.net,forgetful
Audra,Julietta,94776811,cgreuter@optonline.net,sneeze
Eddie,Malisa,25907277,marcs@gmail.com,yarn
Ivan,Marcell,15502620,jonadab@mac.com,pumped
Joanna,Karyn,48207791,dowdy@verizon.net,wipe
Kimbery,Tamera,24100125,rkobes@mac.com,finger
Neomi,Chi,51684679,arebenti@mac.com,zippy
Elmo,Kemberly,21376535,matloff@me.com,free
Jill,Shakita,89187327,grdschl@me.com,second
Edmond,Mose,52852267,jbarta@yahoo.ca,metal
Arnold,Kathi,22993577,gommix@att.net,charming
Leonard,Buford,59604242,kronvold@sbcglobal.net,pine
Teresa,Ashleigh,91443918,matthijs@outlook.com,market
Elane,Shameka,38944877,salesgeek@live.com,record
Elin,Jann,74097617,mmccool@aol.com,consider
Willow,Emerson,89824487,fraterk@yahoo.ca,bright
Margene,Angelena,90000101,themer@mac.com,observation
Ty,Mickie,73749132,tomorro@coo.com,cool